image_path,label
test_dataset/img_0.png,"[('circle', 'red'), ('square', 'red'), ('square', 'green')]"
test_dataset/img_1.png,"[('circle', 'red'), ('square', 'green')]"
test_dataset/img_2.png,"[('circle', 'red'), ('circle', 'green'), ('square', 'green')]"
test_dataset/img_3.png,"[('circle', 'blue'), ('square', 'green'), ('triangle', 'red'), ('triangle', 'blue')]"
test_dataset/img_4.png,"[('square', 'green')]"
test_dataset/img_5.png,"[('circle', 'red'), ('square', 'green')]"
test_dataset/img_6.png,"[('circle', 'green'), ('square', 'green'), ('square', 'blue'), ('triangle', 'red')]"
test_dataset/img_7.png,"[('circle', 'red'), ('square', 'red'), ('square', 'green'), ('triangle', 'blue')]"
test_dataset/img_8.png,"[('circle', 'blue'), ('square', 'green'), ('triangle', 'blue')]"
test_dataset/img_9.png,"[('square', 'red'), ('square', 'green')]"
test_dataset/img_10.png,"[('square', 'green')]"
test_dataset/img_11.png,"[('square', 'green'), ('triangle', 'red')]"
test_dataset/img_12.png,"[('square', 'green'), ('triangle', 'green')]"
test_dataset/img_13.png,"[('circle', 'green'), ('square', 'green'), ('triangle', 'green')]"
test_dataset/img_14.png,"[('square', 'green'), ('triangle', 'green')]"
test_dataset/img_15.png,"[('square', 'green'), ('square', 'blue')]"
test_dataset/img_16.png,"[('square', 'green'), ('square', 'blue')]"
test_dataset/img_17.png,"[('square', 'green'), ('triangle', 'green')]"
test_dataset/img_18.png,"[('square', 'green')]"
test_dataset/img_19.png,"[('circle', 'blue'), ('square', 'green'), ('triangle', 'red')]"
test_dataset/img_20.png,"[('circle', 'green'), ('square', 'green')]"
test_dataset/img_21.png,"[('circle', 'green'), ('square', 'green')]"
test_dataset/img_22.png,"[('square', 'green')]"
test_dataset/img_23.png,"[('square', 'green'), ('square', 'blue')]"
test_dataset/img_24.png,"[('circle', 'red'), ('square', 'green')]"
test_dataset/img_25.png,"[('square', 'green')]"
test_dataset/img_26.png,"[('square', 'green')]"
test_dataset/img_27.png,"[('square', 'green'), ('triangle', 'red'), ('triangle', 'green')]"
test_dataset/img_28.png,"[('square', 'green')]"
test_dataset/img_29.png,"[('square', 'green'), ('triangle', 'green')]"
test_dataset/img_30.png,"[('square', 'green'), ('square', 'blue'), ('triangle', 'blue')]"
test_dataset/img_31.png,"[('square', 'green')]"
test_dataset/img_32.png,"[('square', 'green')]"
test_dataset/img_33.png,"[('square', 'green')]"
test_dataset/img_34.png,"[('circle', 'red'), ('square', 'green')]"
test_dataset/img_35.png,"[('circle', 'green'), ('square', 'green'), ('triangle', 'green')]"
test_dataset/img_36.png,"[('square', 'red'), ('square', 'green')]"
test_dataset/img_37.png,"[('circle', 'blue'), ('square', 'green'), ('triangle', 'red')]"
test_dataset/img_38.png,"[('circle', 'green'), ('square', 'red'), ('square', 'green')]"
test_dataset/img_39.png,"[('square', 'green')]"
test_dataset/img_40.png,"[('circle', 'green'), ('square', 'green'), ('triangle', 'green')]"
test_dataset/img_41.png,"[('square', 'green')]"
test_dataset/img_42.png,"[('square', 'green'), ('square', 'blue')]"
test_dataset/img_43.png,"[('circle', 'green'), ('square', 'green'), ('square', 'blue'), ('triangle', 'green')]"
test_dataset/img_44.png,"[('square', 'red'), ('square', 'green'), ('triangle', 'blue')]"
test_dataset/img_45.png,"[('circle', 'blue'), ('square', 'green')]"
test_dataset/img_46.png,"[('square', 'green')]"
test_dataset/img_47.png,"[('circle', 'blue'), ('square', 'green')]"
test_dataset/img_48.png,"[('square', 'green')]"
test_dataset/img_49.png,"[('circle', 'blue'), ('square', 'green'), ('triangle', 'green')]"
test_dataset/img_50.png,"[('square', 'green')]"
test_dataset/img_51.png,"[('square', 'green')]"
test_dataset/img_52.png,"[('circle', 'blue'), ('square', 'green')]"
test_dataset/img_53.png,"[('square', 'green')]"
test_dataset/img_54.png,"[('square', 'green')]"
test_dataset/img_55.png,"[('circle', 'green'), ('square', 'green')]"
test_dataset/img_56.png,"[('circle', 'green'), ('circle', 'blue'), ('square', 'green')]"
test_dataset/img_57.png,"[('square', 'green')]"
test_dataset/img_58.png,"[('square', 'green'), ('square', 'blue')]"
test_dataset/img_59.png,"[('square', 'green'), ('triangle', 'red')]"
test_dataset/img_60.png,"[('circle', 'blue'), ('square', 'green')]"
test_dataset/img_61.png,"[('circle', 'blue'), ('square', 'green'), ('triangle', 'blue')]"
test_dataset/img_62.png,"[('square', 'green'), ('triangle', 'red'), ('triangle', 'blue')]"
test_dataset/img_63.png,"[('square', 'green')]"
test_dataset/img_64.png,"[('square', 'red'), ('square', 'green')]"
test_dataset/img_65.png,"[('square', 'green')]"
test_dataset/img_66.png,"[('square', 'green'), ('triangle', 'blue')]"
test_dataset/img_67.png,"[('circle', 'red'), ('circle', 'blue'), ('square', 'green')]"
test_dataset/img_68.png,"[('square', 'red'), ('square', 'green'), ('triangle', 'red')]"
test_dataset/img_69.png,"[('square', 'green'), ('triangle', 'red')]"
test_dataset/img_70.png,"[('square', 'green'), ('square', 'blue')]"
test_dataset/img_71.png,"[('square', 'green'), ('square', 'blue')]"
test_dataset/img_72.png,"[('square', 'green')]"
test_dataset/img_73.png,"[('circle', 'green'), ('square', 'green'), ('triangle', 'green'), ('triangle', 'blue')]"
test_dataset/img_74.png,"[('square', 'green'), ('triangle', 'green')]"
test_dataset/img_75.png,"[('square', 'green')]"
test_dataset/img_76.png,"[('circle', 'blue'), ('square', 'green'), ('square', 'blue'), ('triangle', 'blue')]"
test_dataset/img_77.png,"[('square', 'red'), ('square', 'green')]"
test_dataset/img_78.png,"[('circle', 'blue'), ('square', 'green'), ('triangle', 'blue')]"
test_dataset/img_79.png,"[('circle', 'red'), ('circle', 'blue'), ('square', 'green'), ('triangle', 'blue')]"
test_dataset/img_80.png,"[('circle', 'blue'), ('square', 'green'), ('triangle', 'red')]"
test_dataset/img_81.png,"[('square', 'red'), ('square', 'green')]"
test_dataset/img_82.png,"[('square', 'red'), ('square', 'green')]"
test_dataset/img_83.png,"[('square', 'green')]"
test_dataset/img_84.png,"[('circle', 'green'), ('circle', 'blue'), ('square', 'green')]"
test_dataset/img_85.png,"[('circle', 'blue'), ('square', 'green')]"
test_dataset/img_86.png,"[('square', 'green')]"
test_dataset/img_87.png,"[('square', 'green'), ('square', 'blue')]"
test_dataset/img_88.png,"[('square', 'green'), ('triangle', 'blue')]"
test_dataset/img_89.png,"[('square', 'green')]"
test_dataset/img_90.png,"[('square', 'green')]"
test_dataset/img_91.png,"[('square', 'red'), ('square', 'green'), ('triangle', 'green')]"
test_dataset/img_92.png,"[('circle', 'blue'), ('square', 'green')]"
test_dataset/img_93.png,"[('square', 'green'), ('triangle', 'red')]"
test_dataset/img_94.png,"[('square', 'green'), ('square', 'blue')]"
test_dataset/img_95.png,"[('circle', 'green'), ('square', 'green'), ('triangle', 'red')]"
test_dataset/img_96.png,"[('circle', 'blue'), ('square', 'green'), ('triangle', 'blue')]"
test_dataset/img_97.png,"[('square', 'green')]"
test_dataset/img_98.png,"[('circle', 'green'), ('square', 'green')]"
test_dataset/img_99.png,"[('square', 'green'), ('triangle', 'green')]"
test_dataset/img_100.png,"[('square', 'green'), ('triangle', 'green')]"
test_dataset/img_101.png,"[('circle', 'red'), ('square', 'green')]"
test_dataset/img_102.png,"[('circle', 'blue'), ('square', 'green'), ('triangle', 'blue')]"
test_dataset/img_103.png,"[('circle', 'blue'), ('square', 'green')]"
test_dataset/img_104.png,"[('circle', 'red'), ('square', 'green')]"
test_dataset/img_105.png,"[('square', 'green')]"
test_dataset/img_106.png,"[('square', 'green')]"
test_dataset/img_107.png,"[('square', 'green'), ('triangle', 'blue')]"
test_dataset/img_108.png,"[('circle', 'green'), ('square', 'green')]"
test_dataset/img_109.png,"[('circle', 'green'), ('square', 'green')]"
test_dataset/img_110.png,"[('circle', 'red'), ('circle', 'green'), ('square', 'green'), ('triangle', 'red')]"
test_dataset/img_111.png,"[('square', 'green')]"
test_dataset/img_112.png,"[('square', 'green')]"
test_dataset/img_113.png,"[('circle', 'green'), ('square', 'green'), ('square', 'blue'), ('triangle', 'green')]"
test_dataset/img_114.png,"[('circle', 'red'), ('square', 'green')]"
test_dataset/img_115.png,"[('square', 'green')]"
test_dataset/img_116.png,"[('square', 'green')]"
test_dataset/img_117.png,"[('circle', 'green'), ('square', 'green')]"
test_dataset/img_118.png,"[('square', 'green'), ('triangle', 'green')]"
test_dataset/img_119.png,"[('circle', 'green'), ('circle', 'blue'), ('square', 'green'), ('triangle', 'blue')]"
test_dataset/img_120.png,"[('square', 'green'), ('triangle', 'red')]"
test_dataset/img_121.png,"[('circle', 'green'), ('square', 'green'), ('triangle', 'green')]"
test_dataset/img_122.png,"[('square', 'red'), ('square', 'green')]"
test_dataset/img_123.png,"[('square', 'green'), ('square', 'blue')]"
test_dataset/img_124.png,"[('square', 'red'), ('square', 'green')]"
test_dataset/img_125.png,"[('square', 'green')]"
test_dataset/img_126.png,"[('square', 'green'), ('triangle', 'blue')]"
test_dataset/img_127.png,"[('square', 'green')]"
test_dataset/img_128.png,"[('square', 'green')]"
test_dataset/img_129.png,"[('square', 'green')]"
test_dataset/img_130.png,"[('circle', 'red'), ('square', 'green')]"
test_dataset/img_131.png,"[('circle', 'green'), ('square', 'red'), ('square', 'green')]"
test_dataset/img_132.png,"[('square', 'green'), ('triangle', 'green')]"
test_dataset/img_133.png,"[('circle', 'red'), ('square', 'green')]"
test_dataset/img_134.png,"[('square', 'green')]"
test_dataset/img_135.png,"[('square', 'green')]"
test_dataset/img_136.png,"[('square', 'green'), ('triangle', 'red'), ('triangle', 'blue')]"
test_dataset/img_137.png,"[('square', 'green'), ('triangle', 'green'), ('triangle', 'blue')]"
test_dataset/img_138.png,"[('circle', 'green'), ('square', 'green'), ('triangle', 'green')]"
test_dataset/img_139.png,"[('square', 'red'), ('square', 'green')]"
test_dataset/img_140.png,"[('circle', 'green')]"
test_dataset/img_141.png,"[('square', 'green'), ('square', 'blue')]"
test_dataset/img_142.png,"[('circle', 'green')]"
test_dataset/img_143.png,"[('square', 'green'), ('square', 'blue')]"
test_dataset/img_144.png,"[('square', 'green'), ('square', 'blue')]"
test_dataset/img_145.png,"[('square', 'green'), ('triangle', 'blue')]"
test_dataset/img_146.png,"[('circle', 'green'), ('square', 'green'), ('triangle', 'blue')]"
test_dataset/img_147.png,"[('circle', 'blue'), ('square', 'green')]"
test_dataset/img_148.png,"[('square', 'red'), ('square', 'green'), ('square', 'blue')]"
test_dataset/img_149.png,"[('circle', 'blue'), ('square', 'green'), ('square', 'blue')]"
test_dataset/img_150.png,"[('square', 'green')]"
test_dataset/img_151.png,"[('circle', 'green'), ('square', 'green'), ('triangle', 'blue')]"
test_dataset/img_152.png,"[('circle', 'green'), ('square', 'green'), ('triangle', 'green')]"
test_dataset/img_153.png,"[('square', 'red'), ('square', 'green')]"
test_dataset/img_154.png,"[('circle', 'green'), ('square', 'green'), ('triangle', 'red')]"
test_dataset/img_155.png,"[('square', 'red'), ('square', 'green'), ('triangle', 'blue')]"
test_dataset/img_156.png,"[('circle', 'red'), ('square', 'green')]"
test_dataset/img_157.png,"[('square', 'green')]"
test_dataset/img_158.png,"[('square', 'green')]"
test_dataset/img_159.png,"[('circle', 'red'), ('square', 'green')]"
test_dataset/img_160.png,"[('square', 'green')]"
test_dataset/img_161.png,"[('circle', 'blue'), ('square', 'green'), ('triangle', 'green')]"
test_dataset/img_162.png,"[('square', 'green')]"
test_dataset/img_163.png,"[('square', 'green'), ('triangle', 'green')]"
test_dataset/img_164.png,"[('square', 'red'), ('square', 'green')]"
test_dataset/img_165.png,"[('square', 'red'), ('square', 'green'), ('triangle', 'green')]"
test_dataset/img_166.png,"[('square', 'green')]"
test_dataset/img_167.png,"[('circle', 'green'), ('square', 'green'), ('triangle', 'green')]"
test_dataset/img_168.png,"[('square', 'green'), ('triangle', 'red'), ('triangle', 'green')]"
test_dataset/img_169.png,"[('circle', 'green'), ('square', 'green')]"
test_dataset/img_170.png,"[('square', 'green')]"
test_dataset/img_171.png,"[('circle', 'red'), ('square', 'green')]"
test_dataset/img_172.png,"[('circle', 'blue'), ('square', 'green'), ('triangle', 'red'), ('triangle', 'green')]"
test_dataset/img_173.png,"[('square', 'green')]"
test_dataset/img_174.png,"[('circle', 'red'), ('circle', 'green')]"
test_dataset/img_175.png,"[('circle', 'green'), ('square', 'green'), ('triangle', 'red'), ('triangle', 'green')]"
test_dataset/img_176.png,"[('square', 'green')]"
test_dataset/img_177.png,"[('square', 'green'), ('triangle', 'blue')]"
test_dataset/img_178.png,"[('circle', 'red'), ('circle', 'blue'), ('square', 'red'), ('square', 'green')]"
test_dataset/img_179.png,"[('circle', 'green'), ('square', 'green')]"
test_dataset/img_180.png,"[('square', 'green'), ('square', 'blue')]"
test_dataset/img_181.png,"[('square', 'green')]"
test_dataset/img_182.png,"[('square', 'green'), ('triangle', 'blue')]"
test_dataset/img_183.png,"[('square', 'green'), ('triangle', 'blue')]"
test_dataset/img_184.png,"[('circle', 'blue'), ('square', 'green'), ('triangle', 'green')]"
test_dataset/img_185.png,"[('circle', 'red'), ('square', 'green')]"
test_dataset/img_186.png,"[('circle', 'blue'), ('square', 'green')]"
test_dataset/img_187.png,"[('square', 'green'), ('triangle', 'blue')]"
test_dataset/img_188.png,"[('square', 'green'), ('triangle', 'green')]"
test_dataset/img_189.png,"[('square', 'green')]"
test_dataset/img_190.png,"[('square', 'green'), ('triangle', 'blue')]"
test_dataset/img_191.png,"[('square', 'green'), ('square', 'blue')]"
test_dataset/img_192.png,"[('circle', 'red'), ('square', 'red'), ('square', 'green')]"
test_dataset/img_193.png,"[('circle', 'blue'), ('square', 'green')]"
test_dataset/img_194.png,"[('square', 'green')]"
test_dataset/img_195.png,"[('circle', 'red'), ('square', 'green')]"
test_dataset/img_196.png,"[('square', 'green')]"
test_dataset/img_197.png,"[('square', 'red'), ('square', 'green'), ('triangle', 'red'), ('triangle', 'green')]"
test_dataset/img_198.png,"[('square', 'red'), ('square', 'green'), ('triangle', 'green')]"
test_dataset/img_199.png,"[('circle', 'blue'), ('square', 'green'), ('square', 'blue')]"
test_dataset/img_200.png,"[('square', 'red'), ('square', 'green')]"
test_dataset/img_201.png,"[('circle', 'green'), ('square', 'green')]"
test_dataset/img_202.png,"[('circle', 'green'), ('square', 'green')]"
test_dataset/img_203.png,"[('circle', 'blue'), ('square', 'green')]"
test_dataset/img_204.png,"[('circle', 'green'), ('square', 'green'), ('square', 'blue')]"
test_dataset/img_205.png,"[('circle', 'red'), ('square', 'green')]"
test_dataset/img_206.png,"[('circle', 'green'), ('triangle', 'green')]"
test_dataset/img_207.png,"[('circle', 'green'), ('square', 'green')]"
test_dataset/img_208.png,"[('circle', 'green'), ('square', 'green'), ('triangle', 'green')]"
test_dataset/img_209.png,"[('circle', 'green'), ('square', 'red'), ('square', 'green')]"
test_dataset/img_210.png,"[('square', 'green')]"
test_dataset/img_211.png,"[('square', 'green'), ('triangle', 'green')]"
test_dataset/img_212.png,"[('square', 'green')]"
test_dataset/img_213.png,"[('square', 'green')]"
test_dataset/img_214.png,"[('circle', 'blue'), ('square', 'green'), ('square', 'blue'), ('triangle', 'blue')]"
test_dataset/img_215.png,"[('square', 'green')]"
test_dataset/img_216.png,"[('square', 'green'), ('triangle', 'red')]"
test_dataset/img_217.png,"[('circle', 'blue'), ('square', 'green')]"
test_dataset/img_218.png,"[('square', 'green')]"
test_dataset/img_219.png,"[('square', 'red'), ('square', 'green')]"
test_dataset/img_220.png,"[('circle', 'blue'), ('square', 'red'), ('square', 'green'), ('triangle', 'blue')]"
test_dataset/img_221.png,"[('circle', 'red'), ('circle', 'green'), ('circle', 'blue'), ('square', 'green'), ('triangle', 'blue')]"
test_dataset/img_222.png,"[('square', 'green'), ('square', 'blue')]"
test_dataset/img_223.png,"[('square', 'red'), ('square', 'green')]"
test_dataset/img_224.png,"[('square', 'green'), ('triangle', 'blue')]"
test_dataset/img_225.png,"[('square', 'green')]"
test_dataset/img_226.png,"[('square', 'green'), ('square', 'blue')]"
test_dataset/img_227.png,"[('circle', 'blue'), ('square', 'green'), ('triangle', 'blue')]"
test_dataset/img_228.png,"[('circle', 'red'), ('square', 'green')]"
test_dataset/img_229.png,"[('square', 'green')]"
test_dataset/img_230.png,"[('circle', 'blue'), ('square', 'green'), ('triangle', 'blue')]"
test_dataset/img_231.png,"[('circle', 'blue'), ('square', 'green')]"
test_dataset/img_232.png,"[('square', 'green')]"
test_dataset/img_233.png,"[('square', 'green'), ('square', 'blue')]"
test_dataset/img_234.png,"[('circle', 'red'), ('square', 'green')]"
test_dataset/img_235.png,"[('square', 'green'), ('square', 'blue')]"
test_dataset/img_236.png,"[('square', 'green')]"
test_dataset/img_237.png,"[('square', 'green'), ('triangle', 'red'), ('triangle', 'green'), ('triangle', 'blue')]"
test_dataset/img_238.png,"[('square', 'red'), ('square', 'green'), ('triangle', 'red')]"
test_dataset/img_239.png,"[('square', 'green')]"
test_dataset/img_240.png,"[('square', 'green')]"
test_dataset/img_241.png,"[('square', 'green'), ('triangle', 'green')]"
test_dataset/img_242.png,"[('square', 'green'), ('square', 'blue')]"
test_dataset/img_243.png,"[('square', 'green')]"
test_dataset/img_244.png,"[('square', 'green')]"
test_dataset/img_245.png,"[('square', 'green'), ('triangle', 'blue')]"
test_dataset/img_246.png,"[('square', 'green')]"
test_dataset/img_247.png,"[('square', 'green'), ('square', 'blue')]"
test_dataset/img_248.png,"[('square', 'green')]"
test_dataset/img_249.png,"[('circle', 'red'), ('circle', 'blue'), ('square', 'green')]"
test_dataset/img_250.png,"[('square', 'green'), ('triangle', 'green')]"
test_dataset/img_251.png,"[('square', 'red'), ('square', 'green'), ('triangle', 'red'), ('triangle', 'blue')]"
test_dataset/img_252.png,"[('circle', 'blue'), ('square', 'green')]"
test_dataset/img_253.png,"[('square', 'green'), ('triangle', 'red')]"
test_dataset/img_254.png,"[('circle', 'green'), ('square', 'green'), ('triangle', 'green')]"
test_dataset/img_255.png,"[('square', 'green'), ('triangle', 'red')]"
test_dataset/img_256.png,"[('square', 'green'), ('triangle', 'green')]"
test_dataset/img_257.png,"[('circle', 'red'), ('square', 'green')]"
test_dataset/img_258.png,"[('square', 'red'), ('square', 'green')]"
test_dataset/img_259.png,"[('circle', 'blue'), ('square', 'green')]"
test_dataset/img_260.png,"[('circle', 'green'), ('square', 'green'), ('triangle', 'green')]"
test_dataset/img_261.png,"[('square', 'green')]"
test_dataset/img_262.png,"[('circle', 'blue'), ('square', 'green'), ('square', 'blue')]"
test_dataset/img_263.png,"[('square', 'green'), ('square', 'blue')]"
test_dataset/img_264.png,"[('square', 'green'), ('triangle', 'red')]"
test_dataset/img_265.png,"[('square', 'green')]"
test_dataset/img_266.png,"[('square', 'green'), ('triangle', 'green')]"
test_dataset/img_267.png,"[('square', 'green'), ('triangle', 'red')]"
test_dataset/img_268.png,"[('circle', 'red'), ('circle', 'green'), ('square', 'red'), ('square', 'green')]"
test_dataset/img_269.png,"[('square', 'green'), ('triangle', 'green')]"
test_dataset/img_270.png,"[('circle', 'blue'), ('square', 'green')]"
test_dataset/img_271.png,"[('square', 'red'), ('square', 'green')]"
test_dataset/img_272.png,"[('circle', 'blue'), ('square', 'green'), ('square', 'blue'), ('triangle', 'red')]"
test_dataset/img_273.png,"[('circle', 'green')]"
test_dataset/img_274.png,"[('square', 'green'), ('square', 'blue')]"
test_dataset/img_275.png,"[('square', 'green'), ('triangle', 'red')]"
test_dataset/img_276.png,"[('circle', 'blue'), ('square', 'green')]"
test_dataset/img_277.png,"[('circle', 'blue'), ('square', 'green')]"
test_dataset/img_278.png,"[('square', 'green')]"
test_dataset/img_279.png,"[('square', 'green'), ('square', 'blue')]"
test_dataset/img_280.png,"[('circle', 'green'), ('square', 'green')]"
test_dataset/img_281.png,"[('square', 'red'), ('square', 'green')]"
test_dataset/img_282.png,"[('square', 'green'), ('triangle', 'green')]"
test_dataset/img_283.png,"[('square', 'green')]"
test_dataset/img_284.png,"[('square', 'green'), ('square', 'blue'), ('triangle', 'blue')]"
test_dataset/img_285.png,"[('circle', 'red'), ('square', 'red'), ('square', 'green'), ('triangle', 'green')]"
test_dataset/img_286.png,"[('square', 'green')]"
test_dataset/img_287.png,"[('square', 'green'), ('triangle', 'green'), ('triangle', 'blue')]"
test_dataset/img_288.png,"[('circle', 'green'), ('square', 'green'), ('triangle', 'green')]"
test_dataset/img_289.png,"[('square', 'green'), ('square', 'blue')]"
test_dataset/img_290.png,"[('circle', 'blue'), ('square', 'green')]"
test_dataset/img_291.png,"[('square', 'green'), ('triangle', 'red')]"
test_dataset/img_292.png,"[('square', 'green')]"
test_dataset/img_293.png,"[('square', 'green'), ('square', 'blue')]"
test_dataset/img_294.png,"[('circle', 'red'), ('square', 'green')]"
test_dataset/img_295.png,"[('square', 'green'), ('triangle', 'green')]"
test_dataset/img_296.png,"[('circle', 'green'), ('circle', 'blue'), ('square', 'green')]"
test_dataset/img_297.png,"[('circle', 'red'), ('circle', 'green'), ('square', 'green')]"
test_dataset/img_298.png,"[('square', 'green'), ('triangle', 'red')]"
test_dataset/img_299.png,"[('square', 'green')]"
test_dataset/img_300.png,"[('square', 'green'), ('triangle', 'blue')]"
test_dataset/img_301.png,"[('square', 'green'), ('triangle', 'red')]"
test_dataset/img_302.png,"[('circle', 'red'), ('circle', 'blue'), ('square', 'green')]"
test_dataset/img_303.png,"[('circle', 'red'), ('circle', 'blue'), ('square', 'green')]"
test_dataset/img_304.png,"[('square', 'red'), ('square', 'green')]"
test_dataset/img_305.png,"[('circle', 'blue'), ('square', 'green')]"
test_dataset/img_306.png,"[('square', 'green'), ('triangle', 'green')]"
test_dataset/img_307.png,"[('circle', 'blue'), ('square', 'green')]"
test_dataset/img_308.png,"[('circle', 'green'), ('square', 'green'), ('square', 'blue')]"
test_dataset/img_309.png,"[('circle', 'red'), ('circle', 'green'), ('square', 'green')]"
test_dataset/img_310.png,"[('square', 'red'), ('square', 'green')]"
test_dataset/img_311.png,"[('square', 'green'), ('square', 'blue')]"
test_dataset/img_312.png,"[('square', 'green')]"
test_dataset/img_313.png,"[('square', 'green')]"
test_dataset/img_314.png,"[('square', 'green')]"
test_dataset/img_315.png,"[('square', 'green'), ('square', 'blue')]"
test_dataset/img_316.png,"[('circle', 'blue'), ('square', 'green')]"
test_dataset/img_317.png,"[('square', 'red'), ('square', 'green')]"
test_dataset/img_318.png,"[('square', 'green'), ('triangle', 'red')]"
test_dataset/img_319.png,"[('circle', 'red'), ('square', 'red'), ('square', 'green')]"
test_dataset/img_320.png,"[('square', 'green'), ('square', 'blue'), ('triangle', 'green')]"
test_dataset/img_321.png,"[('square', 'green')]"
test_dataset/img_322.png,"[('square', 'green')]"
test_dataset/img_323.png,"[('square', 'green')]"
test_dataset/img_324.png,"[('circle', 'green'), ('square', 'green')]"
test_dataset/img_325.png,"[('square', 'red'), ('square', 'green')]"
test_dataset/img_326.png,"[('square', 'green')]"
test_dataset/img_327.png,"[('square', 'green')]"
test_dataset/img_328.png,"[('circle', 'blue'), ('square', 'red'), ('square', 'green')]"
test_dataset/img_329.png,"[('square', 'green'), ('triangle', 'red')]"
test_dataset/img_330.png,"[('circle', 'blue'), ('square', 'green'), ('triangle', 'red'), ('triangle', 'blue')]"
test_dataset/img_331.png,"[('circle', 'green'), ('square', 'red'), ('square', 'green')]"
test_dataset/img_332.png,"[('circle', 'green'), ('square', 'green')]"
test_dataset/img_333.png,"[('circle', 'red'), ('circle', 'green'), ('square', 'green')]"
test_dataset/img_334.png,"[('circle', 'red'), ('square', 'green')]"
test_dataset/img_335.png,"[('circle', 'red'), ('square', 'green'), ('triangle', 'blue')]"
test_dataset/img_336.png,"[('circle', 'blue'), ('square', 'green'), ('triangle', 'blue')]"
test_dataset/img_337.png,"[('circle', 'green')]"
test_dataset/img_338.png,"[('circle', 'green'), ('square', 'green')]"
test_dataset/img_339.png,"[('square', 'green')]"
test_dataset/img_340.png,"[('circle', 'blue'), ('square', 'green')]"
test_dataset/img_341.png,"[('circle', 'green'), ('square', 'green')]"
test_dataset/img_342.png,"[('circle', 'red'), ('circle', 'blue'), ('square', 'green')]"
test_dataset/img_343.png,"[('square', 'green')]"
test_dataset/img_344.png,"[('square', 'red'), ('square', 'green')]"
test_dataset/img_345.png,"[('circle', 'green'), ('square', 'green')]"
test_dataset/img_346.png,"[('square', 'red'), ('square', 'green')]"
test_dataset/img_347.png,"[('square', 'green')]"
test_dataset/img_348.png,"[('circle', 'blue'), ('square', 'green')]"
test_dataset/img_349.png,"[('square', 'green')]"
test_dataset/img_350.png,"[('circle', 'red'), ('square', 'red'), ('square', 'green'), ('triangle', 'blue')]"
test_dataset/img_351.png,"[('circle', 'blue'), ('square', 'green'), ('triangle', 'green')]"
test_dataset/img_352.png,"[('circle', 'red'), ('square', 'green'), ('triangle', 'blue')]"
test_dataset/img_353.png,"[('square', 'green'), ('square', 'blue')]"
test_dataset/img_354.png,"[('circle', 'blue'), ('square', 'green'), ('triangle', 'blue')]"
test_dataset/img_355.png,"[('square', 'green'), ('square', 'blue'), ('triangle', 'green')]"
test_dataset/img_356.png,"[('circle', 'red'), ('square', 'green')]"
test_dataset/img_357.png,"[('square', 'green'), ('triangle', 'red'), ('triangle', 'blue')]"
test_dataset/img_358.png,"[('circle', 'green'), ('square', 'green')]"
test_dataset/img_359.png,"[('circle', 'red'), ('square', 'green')]"
test_dataset/img_360.png,"[('square', 'green')]"
test_dataset/img_361.png,"[('square', 'green'), ('triangle', 'red')]"
test_dataset/img_362.png,"[('square', 'green'), ('triangle', 'red')]"
test_dataset/img_363.png,"[('square', 'red'), ('square', 'green'), ('square', 'blue')]"
test_dataset/img_364.png,"[('square', 'green')]"
test_dataset/img_365.png,"[('square', 'green'), ('square', 'blue'), ('triangle', 'red')]"
test_dataset/img_366.png,"[('square', 'red'), ('square', 'green'), ('triangle', 'green')]"
test_dataset/img_367.png,"[('circle', 'blue'), ('square', 'green'), ('triangle', 'blue')]"
test_dataset/img_368.png,"[('square', 'green'), ('triangle', 'green')]"
test_dataset/img_369.png,"[('square', 'green'), ('square', 'blue')]"
test_dataset/img_370.png,"[('square', 'green')]"
test_dataset/img_371.png,"[('circle', 'red'), ('square', 'green'), ('triangle', 'red'), ('triangle', 'blue')]"
test_dataset/img_372.png,"[('square', 'green')]"
test_dataset/img_373.png,"[('square', 'green'), ('square', 'blue')]"
test_dataset/img_374.png,"[('square', 'green')]"
test_dataset/img_375.png,"[('circle', 'green'), ('circle', 'blue'), ('square', 'green')]"
test_dataset/img_376.png,"[('square', 'green'), ('square', 'blue'), ('triangle', 'blue')]"
test_dataset/img_377.png,"[('square', 'green'), ('square', 'blue')]"
test_dataset/img_378.png,"[('circle', 'blue'), ('square', 'green')]"
test_dataset/img_379.png,"[('circle', 'blue'), ('square', 'green')]"
test_dataset/img_380.png,"[('circle', 'blue'), ('square', 'green')]"
test_dataset/img_381.png,"[('circle', 'green'), ('square', 'green'), ('triangle', 'green')]"
test_dataset/img_382.png,"[('square', 'green'), ('triangle', 'red')]"
test_dataset/img_383.png,"[('square', 'red'), ('square', 'green'), ('triangle', 'green')]"
test_dataset/img_384.png,"[('square', 'green'), ('square', 'blue')]"
test_dataset/img_385.png,"[('square', 'green'), ('square', 'blue')]"
test_dataset/img_386.png,"[('square', 'green')]"
test_dataset/img_387.png,"[('square', 'green')]"
test_dataset/img_388.png,"[('square', 'green'), ('triangle', 'green')]"
test_dataset/img_389.png,"[('circle', 'red'), ('square', 'green'), ('triangle', 'blue')]"
test_dataset/img_390.png,"[('circle', 'red'), ('square', 'green'), ('square', 'blue'), ('triangle', 'red')]"
test_dataset/img_391.png,"[('square', 'red'), ('square', 'green'), ('square', 'blue')]"
test_dataset/img_392.png,"[('square', 'green'), ('square', 'blue')]"
test_dataset/img_393.png,"[('square', 'red'), ('square', 'green')]"
test_dataset/img_394.png,"[('circle', 'red'), ('circle', 'green'), ('square', 'green')]"
test_dataset/img_395.png,"[('square', 'green')]"
test_dataset/img_396.png,"[('square', 'green')]"
test_dataset/img_397.png,"[('circle', 'red'), ('circle', 'green'), ('square', 'green'), ('triangle', 'blue')]"
test_dataset/img_398.png,"[('square', 'green'), ('triangle', 'red'), ('triangle', 'blue')]"
test_dataset/img_399.png,"[('square', 'red'), ('square', 'green')]"
test_dataset/img_400.png,"[('square', 'green')]"
test_dataset/img_401.png,"[('circle', 'blue'), ('square', 'green'), ('triangle', 'red')]"
test_dataset/img_402.png,"[('circle', 'red'), ('square', 'red'), ('square', 'green'), ('square', 'blue'), ('triangle', 'red')]"
test_dataset/img_403.png,"[('circle', 'green'), ('square', 'green'), ('triangle', 'green')]"
test_dataset/img_404.png,"[('circle', 'blue'), ('square', 'green')]"
test_dataset/img_405.png,"[('square', 'green')]"
test_dataset/img_406.png,"[('circle', 'red'), ('square', 'green'), ('triangle', 'blue')]"
test_dataset/img_407.png,"[('square', 'green')]"
test_dataset/img_408.png,"[('square', 'green')]"
test_dataset/img_409.png,"[('square', 'green')]"
test_dataset/img_410.png,"[('square', 'red'), ('square', 'green')]"
test_dataset/img_411.png,"[('circle', 'red'), ('square', 'green')]"
test_dataset/img_412.png,"[('circle', 'green'), ('square', 'green')]"
test_dataset/img_413.png,"[('square', 'green'), ('square', 'blue')]"
test_dataset/img_414.png,"[('square', 'green')]"
test_dataset/img_415.png,"[('square', 'red'), ('square', 'green')]"
test_dataset/img_416.png,"[('circle', 'blue'), ('square', 'red'), ('square', 'green'), ('triangle', 'blue')]"
test_dataset/img_417.png,"[('circle', 'blue'), ('square', 'green')]"
test_dataset/img_418.png,"[('square', 'green')]"
test_dataset/img_419.png,"[('square', 'green')]"
test_dataset/img_420.png,"[('circle', 'green'), ('square', 'green')]"
test_dataset/img_421.png,"[('square', 'red'), ('square', 'green')]"
test_dataset/img_422.png,"[('circle', 'blue'), ('square', 'green')]"
test_dataset/img_423.png,"[('square', 'green')]"
test_dataset/img_424.png,"[('square', 'green')]"
test_dataset/img_425.png,"[('square', 'green')]"
test_dataset/img_426.png,"[('circle', 'red'), ('circle', 'blue'), ('square', 'green'), ('square', 'blue')]"
test_dataset/img_427.png,"[('square', 'green'), ('triangle', 'green')]"
test_dataset/img_428.png,"[('circle', 'green'), ('square', 'green')]"
test_dataset/img_429.png,"[('circle', 'red'), ('circle', 'green'), ('square', 'green')]"
test_dataset/img_430.png,"[('square', 'green'), ('triangle', 'red')]"
test_dataset/img_431.png,"[('circle', 'red'), ('square', 'green')]"
test_dataset/img_432.png,"[('circle', 'green'), ('circle', 'blue'), ('square', 'green'), ('square', 'blue'), ('triangle', 'green')]"
test_dataset/img_433.png,"[('circle', 'red'), ('square', 'green')]"
test_dataset/img_434.png,"[('square', 'red'), ('square', 'green')]"
test_dataset/img_435.png,"[('square', 'green'), ('triangle', 'red')]"
test_dataset/img_436.png,"[('square', 'green'), ('triangle', 'red'), ('triangle', 'green')]"
test_dataset/img_437.png,"[('circle', 'red'), ('square', 'green')]"
test_dataset/img_438.png,"[('square', 'red'), ('square', 'green')]"
test_dataset/img_439.png,"[('square', 'red'), ('square', 'green')]"
test_dataset/img_440.png,"[('square', 'green'), ('triangle', 'red')]"
test_dataset/img_441.png,"[('circle', 'red'), ('circle', 'blue'), ('square', 'green'), ('triangle', 'red')]"
test_dataset/img_442.png,"[('circle', 'green'), ('circle', 'blue'), ('square', 'red'), ('square', 'green'), ('triangle', 'green')]"
test_dataset/img_443.png,"[('square', 'green')]"
test_dataset/img_444.png,"[('square', 'green'), ('triangle', 'red')]"
test_dataset/img_445.png,"[('circle', 'red'), ('square', 'green'), ('triangle', 'green')]"
test_dataset/img_446.png,"[('circle', 'blue'), ('square', 'green')]"
test_dataset/img_447.png,"[('square', 'green')]"
test_dataset/img_448.png,"[('square', 'green'), ('square', 'blue')]"
test_dataset/img_449.png,"[('circle', 'red'), ('square', 'green')]"
test_dataset/img_450.png,"[('square', 'green'), ('triangle', 'blue')]"
test_dataset/img_451.png,"[('square', 'green'), ('triangle', 'blue')]"
test_dataset/img_452.png,"[('circle', 'blue'), ('square', 'green')]"
test_dataset/img_453.png,"[('circle', 'green'), ('circle', 'blue'), ('square', 'red'), ('square', 'green')]"
test_dataset/img_454.png,"[('square', 'green')]"
test_dataset/img_455.png,"[('square', 'green')]"
test_dataset/img_456.png,"[('square', 'green'), ('triangle', 'red')]"
test_dataset/img_457.png,"[('square', 'red'), ('square', 'green')]"
test_dataset/img_458.png,"[('square', 'red'), ('square', 'green')]"
test_dataset/img_459.png,"[('square', 'green'), ('triangle', 'red')]"
test_dataset/img_460.png,"[('circle', 'blue'), ('square', 'green'), ('triangle', 'blue')]"
test_dataset/img_461.png,"[('circle', 'blue'), ('square', 'green')]"
test_dataset/img_462.png,"[('circle', 'green'), ('square', 'green')]"
test_dataset/img_463.png,"[('square', 'red'), ('square', 'green')]"
test_dataset/img_464.png,"[('circle', 'green'), ('square', 'green')]"
test_dataset/img_465.png,"[('square', 'red'), ('square', 'green')]"
test_dataset/img_466.png,"[('circle', 'blue'), ('square', 'green'), ('square', 'blue')]"
test_dataset/img_467.png,"[('square', 'green'), ('triangle', 'green'), ('triangle', 'blue')]"
test_dataset/img_468.png,"[('circle', 'blue'), ('square', 'red'), ('square', 'green')]"
test_dataset/img_469.png,"[('square', 'green'), ('square', 'blue'), ('triangle', 'green')]"
test_dataset/img_470.png,"[('circle', 'green'), ('square', 'green'), ('square', 'blue')]"
test_dataset/img_471.png,"[('square', 'green'), ('square', 'blue')]"
test_dataset/img_472.png,"[('square', 'green')]"
test_dataset/img_473.png,"[('square', 'red'), ('square', 'green')]"
test_dataset/img_474.png,"[('square', 'green'), ('triangle', 'green')]"
test_dataset/img_475.png,"[('square', 'green')]"
test_dataset/img_476.png,"[('circle', 'blue'), ('square', 'green'), ('square', 'blue')]"
test_dataset/img_477.png,"[('square', 'green'), ('triangle', 'blue')]"
test_dataset/img_478.png,"[('circle', 'red'), ('square', 'green')]"
test_dataset/img_479.png,"[('circle', 'red'), ('square', 'green')]"
test_dataset/img_480.png,"[('circle', 'red'), ('square', 'green')]"
test_dataset/img_481.png,"[('circle', 'red'), ('square', 'green'), ('triangle', 'blue')]"
test_dataset/img_482.png,"[('circle', 'blue'), ('square', 'green')]"
test_dataset/img_483.png,"[('circle', 'red'), ('square', 'green')]"
test_dataset/img_484.png,"[('circle', 'blue'), ('square', 'green')]"
test_dataset/img_485.png,"[('circle', 'red'), ('square', 'red'), ('square', 'green'), ('square', 'blue')]"
test_dataset/img_486.png,"[('square', 'green'), ('triangle', 'green')]"
test_dataset/img_487.png,"[('square', 'green')]"
test_dataset/img_488.png,"[('square', 'red'), ('square', 'green')]"
test_dataset/img_489.png,"[('square', 'green'), ('square', 'blue')]"
test_dataset/img_490.png,"[('square', 'green')]"
test_dataset/img_491.png,"[('circle', 'green')]"
test_dataset/img_492.png,"[('circle', 'green'), ('square', 'green'), ('triangle', 'green'), ('triangle', 'blue')]"
test_dataset/img_493.png,"[('square', 'green'), ('square', 'blue')]"
test_dataset/img_494.png,"[('square', 'green')]"
test_dataset/img_495.png,"[('square', 'green'), ('square', 'blue')]"
test_dataset/img_496.png,"[('square', 'green')]"
test_dataset/img_497.png,"[('circle', 'blue'), ('square', 'green')]"
test_dataset/img_498.png,"[('square', 'green')]"
test_dataset/img_499.png,"[('square', 'green'), ('square', 'blue')]"
test_dataset/img_500.png,"[('square', 'green')]"
test_dataset/img_501.png,"[('circle', 'red'), ('square', 'green')]"
test_dataset/img_502.png,"[('circle', 'green'), ('square', 'green'), ('triangle', 'green')]"
test_dataset/img_503.png,"[('square', 'red'), ('square', 'green')]"
test_dataset/img_504.png,"[('square', 'green')]"
test_dataset/img_505.png,"[('circle', 'green'), ('square', 'green')]"
test_dataset/img_506.png,"[('circle', 'red'), ('square', 'green')]"
test_dataset/img_507.png,"[('square', 'green'), ('square', 'blue')]"
test_dataset/img_508.png,"[('circle', 'red'), ('square', 'green'), ('triangle', 'blue')]"
test_dataset/img_509.png,"[('square', 'green'), ('triangle', 'green')]"
test_dataset/img_510.png,"[('circle', 'green'), ('square', 'green')]"
test_dataset/img_511.png,"[('square', 'red'), ('square', 'green')]"
test_dataset/img_512.png,"[('circle', 'blue'), ('square', 'green')]"
test_dataset/img_513.png,"[('square', 'green'), ('square', 'blue')]"
test_dataset/img_514.png,"[('square', 'green'), ('triangle', 'blue')]"
test_dataset/img_515.png,"[('circle', 'green'), ('square', 'green'), ('triangle', 'green')]"
test_dataset/img_516.png,"[('square', 'green'), ('square', 'blue')]"
test_dataset/img_517.png,"[('square', 'green')]"
test_dataset/img_518.png,"[('square', 'green'), ('square', 'blue')]"
test_dataset/img_519.png,"[('square', 'green'), ('square', 'blue')]"
test_dataset/img_520.png,"[('circle', 'blue'), ('square', 'green')]"
test_dataset/img_521.png,"[('circle', 'red'), ('square', 'green'), ('triangle', 'blue')]"
test_dataset/img_522.png,"[('square', 'green')]"
test_dataset/img_523.png,"[('circle', 'blue'), ('square', 'green')]"
test_dataset/img_524.png,"[('square', 'green')]"
test_dataset/img_525.png,"[('square', 'green'), ('triangle', 'red')]"
test_dataset/img_526.png,"[('square', 'red'), ('square', 'green')]"
test_dataset/img_527.png,"[('circle', 'red'), ('circle', 'green'), ('square', 'red'), ('square', 'green')]"
test_dataset/img_528.png,"[('circle', 'red'), ('square', 'green'), ('triangle', 'green')]"
test_dataset/img_529.png,"[('circle', 'blue'), ('square', 'green')]"
test_dataset/img_530.png,"[('square', 'green')]"
test_dataset/img_531.png,"[('circle', 'blue'), ('square', 'green')]"
test_dataset/img_532.png,"[('circle', 'blue'), ('square', 'green'), ('triangle', 'blue')]"
test_dataset/img_533.png,"[('square', 'green')]"
test_dataset/img_534.png,"[('square', 'green'), ('triangle', 'green')]"
test_dataset/img_535.png,"[('circle', 'green'), ('square', 'green')]"
test_dataset/img_536.png,"[('square', 'green')]"
test_dataset/img_537.png,"[('circle', 'red'), ('square', 'green')]"
test_dataset/img_538.png,"[('circle', 'red'), ('square', 'green')]"
test_dataset/img_539.png,"[('square', 'green'), ('triangle', 'blue')]"
test_dataset/img_540.png,"[('square', 'green'), ('triangle', 'green')]"
test_dataset/img_541.png,"[('square', 'red'), ('square', 'green'), ('square', 'blue')]"
test_dataset/img_542.png,"[('square', 'green')]"
test_dataset/img_543.png,"[('square', 'green'), ('triangle', 'green')]"
test_dataset/img_544.png,"[('square', 'green')]"
test_dataset/img_545.png,"[('circle', 'red'), ('circle', 'blue'), ('square', 'green'), ('triangle', 'blue')]"
test_dataset/img_546.png,"[('square', 'red'), ('square', 'green')]"
test_dataset/img_547.png,"[('square', 'green'), ('triangle', 'green'), ('triangle', 'blue')]"
test_dataset/img_548.png,"[('circle', 'green'), ('square', 'green'), ('triangle', 'green')]"
test_dataset/img_549.png,"[('circle', 'blue'), ('square', 'green'), ('square', 'blue')]"
test_dataset/img_550.png,"[('square', 'green')]"
test_dataset/img_551.png,"[('square', 'green')]"
test_dataset/img_552.png,"[('circle', 'green'), ('square', 'green')]"
test_dataset/img_553.png,"[('circle', 'green'), ('square', 'green')]"
test_dataset/img_554.png,"[('square', 'green'), ('square', 'blue')]"
test_dataset/img_555.png,"[('square', 'green'), ('triangle', 'blue')]"
test_dataset/img_556.png,"[('square', 'green'), ('square', 'blue')]"
test_dataset/img_557.png,"[('square', 'green'), ('square', 'blue')]"
test_dataset/img_558.png,"[('square', 'green')]"
test_dataset/img_559.png,"[('circle', 'blue'), ('square', 'green'), ('triangle', 'blue')]"
test_dataset/img_560.png,"[('circle', 'green'), ('square', 'green')]"
test_dataset/img_561.png,"[('square', 'green'), ('square', 'blue')]"
test_dataset/img_562.png,"[('square', 'green')]"
test_dataset/img_563.png,"[('square', 'green')]"
test_dataset/img_564.png,"[('circle', 'red'), ('circle', 'blue'), ('square', 'green'), ('triangle', 'blue')]"
test_dataset/img_565.png,"[('square', 'red'), ('square', 'green')]"
test_dataset/img_566.png,"[('circle', 'red'), ('square', 'green')]"
test_dataset/img_567.png,"[('circle', 'red'), ('square', 'green')]"
test_dataset/img_568.png,"[('square', 'red'), ('square', 'green')]"
test_dataset/img_569.png,"[('square', 'green')]"
test_dataset/img_570.png,"[('circle', 'blue'), ('square', 'green'), ('triangle', 'blue')]"
test_dataset/img_571.png,"[('square', 'green')]"
test_dataset/img_572.png,"[('square', 'green'), ('square', 'blue')]"
test_dataset/img_573.png,"[('square', 'red'), ('square', 'green'), ('triangle', 'green'), ('triangle', 'blue')]"
test_dataset/img_574.png,"[('square', 'green')]"
test_dataset/img_575.png,"[('circle', 'green')]"
test_dataset/img_576.png,"[('square', 'green')]"
test_dataset/img_577.png,"[('square', 'green')]"
test_dataset/img_578.png,"[('circle', 'red'), ('circle', 'blue'), ('square', 'green')]"
test_dataset/img_579.png,"[('circle', 'green'), ('square', 'green')]"
test_dataset/img_580.png,"[('circle', 'blue'), ('square', 'green'), ('triangle', 'green')]"
test_dataset/img_581.png,"[('circle', 'green'), ('square', 'green')]"
test_dataset/img_582.png,"[('circle', 'red'), ('square', 'red'), ('square', 'green'), ('triangle', 'red')]"
test_dataset/img_583.png,"[('square', 'red'), ('square', 'green')]"
test_dataset/img_584.png,"[('square', 'green'), ('square', 'blue')]"
test_dataset/img_585.png,"[('square', 'green')]"
test_dataset/img_586.png,"[('circle', 'red'), ('circle', 'green'), ('square', 'green')]"
test_dataset/img_587.png,"[('square', 'red'), ('square', 'green')]"
test_dataset/img_588.png,"[('circle', 'red'), ('square', 'green'), ('square', 'blue')]"
test_dataset/img_589.png,"[('square', 'green')]"
test_dataset/img_590.png,"[('circle', 'blue'), ('square', 'green')]"
test_dataset/img_591.png,"[('square', 'green')]"
test_dataset/img_592.png,"[('circle', 'green'), ('square', 'red'), ('square', 'green')]"
test_dataset/img_593.png,"[('circle', 'green'), ('square', 'green')]"
test_dataset/img_594.png,"[('square', 'green')]"
test_dataset/img_595.png,"[('square', 'green'), ('triangle', 'red'), ('triangle', 'green')]"
test_dataset/img_596.png,"[('square', 'green')]"
test_dataset/img_597.png,"[('square', 'green')]"
test_dataset/img_598.png,"[('square', 'red'), ('square', 'green')]"
test_dataset/img_599.png,"[('square', 'green'), ('triangle', 'red'), ('triangle', 'blue')]"
test_dataset/img_600.png,"[('square', 'red'), ('square', 'green')]"
test_dataset/img_601.png,"[('circle', 'red'), ('square', 'green')]"
test_dataset/img_602.png,"[('square', 'red'), ('square', 'green')]"
test_dataset/img_603.png,"[('circle', 'red'), ('square', 'red'), ('square', 'green')]"
test_dataset/img_604.png,"[('square', 'green')]"
test_dataset/img_605.png,"[('square', 'green'), ('triangle', 'green')]"
test_dataset/img_606.png,"[('square', 'green'), ('triangle', 'blue')]"
test_dataset/img_607.png,"[('circle', 'red'), ('circle', 'blue'), ('square', 'green')]"
test_dataset/img_608.png,"[('square', 'green'), ('square', 'blue')]"
test_dataset/img_609.png,"[('circle', 'blue'), ('square', 'red'), ('square', 'green')]"
test_dataset/img_610.png,"[('circle', 'blue'), ('square', 'red'), ('square', 'green'), ('square', 'blue'), ('triangle', 'blue')]"
test_dataset/img_611.png,"[('square', 'red'), ('square', 'green')]"
test_dataset/img_612.png,"[('square', 'red'), ('square', 'green')]"
test_dataset/img_613.png,"[('circle', 'green'), ('square', 'green'), ('square', 'blue')]"
test_dataset/img_614.png,"[('square', 'red'), ('square', 'green')]"
test_dataset/img_615.png,"[('square', 'green')]"
test_dataset/img_616.png,"[('square', 'green')]"
test_dataset/img_617.png,"[('square', 'green')]"
test_dataset/img_618.png,"[('circle', 'blue'), ('square', 'green')]"
test_dataset/img_619.png,"[('square', 'green'), ('square', 'blue'), ('triangle', 'green')]"
test_dataset/img_620.png,"[('circle', 'blue'), ('square', 'green'), ('square', 'blue'), ('triangle', 'red'), ('triangle', 'blue')]"
test_dataset/img_621.png,"[('square', 'red'), ('square', 'green')]"
test_dataset/img_622.png,"[('square', 'red'), ('square', 'green')]"
test_dataset/img_623.png,"[('circle', 'blue'), ('square', 'green'), ('square', 'blue')]"
test_dataset/img_624.png,"[('circle', 'blue'), ('square', 'green'), ('triangle', 'blue')]"
test_dataset/img_625.png,"[('square', 'green'), ('triangle', 'blue')]"
test_dataset/img_626.png,"[('circle', 'green'), ('square', 'green')]"
test_dataset/img_627.png,"[('square', 'red'), ('square', 'green')]"
test_dataset/img_628.png,"[('square', 'green')]"
test_dataset/img_629.png,"[('circle', 'red'), ('circle', 'blue'), ('square', 'green'), ('triangle', 'red')]"
test_dataset/img_630.png,"[('square', 'green')]"
test_dataset/img_631.png,"[('square', 'green')]"
test_dataset/img_632.png,"[('square', 'green'), ('square', 'blue')]"
test_dataset/img_633.png,"[('circle', 'blue'), ('square', 'red'), ('square', 'green')]"
test_dataset/img_634.png,"[('circle', 'green'), ('square', 'green')]"
test_dataset/img_635.png,"[('circle', 'red'), ('square', 'green')]"
test_dataset/img_636.png,"[('circle', 'blue'), ('square', 'green'), ('triangle', 'blue')]"
test_dataset/img_637.png,"[('square', 'red'), ('square', 'green')]"
test_dataset/img_638.png,"[('circle', 'red'), ('square', 'green')]"
test_dataset/img_639.png,"[('circle', 'blue'), ('square', 'green'), ('triangle', 'blue')]"
test_dataset/img_640.png,"[('circle', 'blue'), ('square', 'green')]"
test_dataset/img_641.png,"[('square', 'green')]"
test_dataset/img_642.png,"[('square', 'red'), ('square', 'green')]"
test_dataset/img_643.png,"[('circle', 'red'), ('circle', 'blue'), ('square', 'red'), ('square', 'green'), ('triangle', 'blue')]"
test_dataset/img_644.png,"[('circle', 'blue'), ('square', 'green'), ('square', 'blue'), ('triangle', 'blue')]"
test_dataset/img_645.png,"[('square', 'green')]"
test_dataset/img_646.png,"[('circle', 'green'), ('square', 'green'), ('triangle', 'red')]"
test_dataset/img_647.png,"[('square', 'green')]"
test_dataset/img_648.png,"[('circle', 'blue'), ('square', 'green')]"
test_dataset/img_649.png,"[('square', 'green'), ('triangle', 'green')]"
test_dataset/img_650.png,"[('circle', 'red'), ('square', 'green')]"
test_dataset/img_651.png,"[('square', 'green')]"
test_dataset/img_652.png,"[('square', 'green'), ('triangle', 'red')]"
test_dataset/img_653.png,"[('square', 'green'), ('square', 'blue')]"
test_dataset/img_654.png,"[('square', 'red'), ('square', 'green')]"
test_dataset/img_655.png,"[('square', 'green')]"
test_dataset/img_656.png,"[('square', 'red'), ('square', 'green'), ('triangle', 'red')]"
test_dataset/img_657.png,"[('circle', 'red'), ('square', 'green'), ('triangle', 'red')]"
test_dataset/img_658.png,"[('circle', 'red'), ('square', 'green'), ('triangle', 'blue')]"
test_dataset/img_659.png,"[('square', 'red'), ('square', 'green')]"
test_dataset/img_660.png,"[('square', 'green')]"
test_dataset/img_661.png,"[('square', 'green'), ('triangle', 'green')]"
test_dataset/img_662.png,"[('square', 'green'), ('triangle', 'green')]"
test_dataset/img_663.png,"[('square', 'red'), ('square', 'green')]"
test_dataset/img_664.png,"[('circle', 'green'), ('square', 'green')]"
test_dataset/img_665.png,"[('circle', 'blue'), ('square', 'green')]"
test_dataset/img_666.png,"[('square', 'green'), ('square', 'blue')]"
test_dataset/img_667.png,"[('circle', 'green'), ('square', 'green'), ('triangle', 'green')]"
test_dataset/img_668.png,"[('circle', 'red'), ('square', 'green')]"
test_dataset/img_669.png,"[('square', 'red'), ('square', 'green')]"
test_dataset/img_670.png,"[('square', 'green')]"
test_dataset/img_671.png,"[('square', 'green'), ('triangle', 'blue')]"
test_dataset/img_672.png,"[('circle', 'green'), ('square', 'green')]"
test_dataset/img_673.png,"[('circle', 'blue'), ('square', 'red'), ('square', 'green')]"
test_dataset/img_674.png,"[('square', 'green'), ('square', 'blue')]"
test_dataset/img_675.png,"[('circle', 'red'), ('square', 'green'), ('triangle', 'red')]"
test_dataset/img_676.png,"[('square', 'green'), ('triangle', 'green')]"
test_dataset/img_677.png,"[('square', 'green')]"
test_dataset/img_678.png,"[('circle', 'green'), ('square', 'red'), ('square', 'green'), ('triangle', 'green'), ('triangle', 'blue')]"
test_dataset/img_679.png,"[('square', 'red'), ('square', 'green')]"
test_dataset/img_680.png,"[('square', 'red'), ('square', 'green')]"
test_dataset/img_681.png,"[('square', 'green')]"
test_dataset/img_682.png,"[('square', 'green')]"
test_dataset/img_683.png,"[('square', 'green')]"
test_dataset/img_684.png,"[('circle', 'red'), ('square', 'green')]"
test_dataset/img_685.png,"[('square', 'red'), ('square', 'green')]"
test_dataset/img_686.png,"[('square', 'green')]"
test_dataset/img_687.png,"[('circle', 'red'), ('square', 'green'), ('triangle', 'blue')]"
test_dataset/img_688.png,"[('square', 'red'), ('square', 'green')]"
test_dataset/img_689.png,"[('square', 'green'), ('triangle', 'green')]"
test_dataset/img_690.png,"[('circle', 'green'), ('square', 'green')]"
test_dataset/img_691.png,"[('square', 'green')]"
test_dataset/img_692.png,"[('circle', 'green'), ('square', 'green'), ('triangle', 'green')]"
test_dataset/img_693.png,"[('square', 'red'), ('square', 'green')]"
test_dataset/img_694.png,"[('square', 'red'), ('square', 'green')]"
test_dataset/img_695.png,"[('circle', 'red'), ('square', 'green')]"
test_dataset/img_696.png,"[('circle', 'green'), ('square', 'green')]"
test_dataset/img_697.png,"[('circle', 'green'), ('square', 'green')]"
test_dataset/img_698.png,"[('circle', 'blue'), ('square', 'green')]"
test_dataset/img_699.png,"[('circle', 'blue'), ('square', 'green')]"
test_dataset/img_700.png,"[('square', 'green'), ('triangle', 'green')]"
test_dataset/img_701.png,"[('circle', 'green'), ('square', 'green')]"
test_dataset/img_702.png,"[('square', 'green')]"
test_dataset/img_703.png,"[('square', 'green')]"
test_dataset/img_704.png,"[('circle', 'green'), ('square', 'green'), ('square', 'blue')]"
test_dataset/img_705.png,"[('circle', 'blue'), ('square', 'green'), ('triangle', 'blue')]"
test_dataset/img_706.png,"[('square', 'green')]"
test_dataset/img_707.png,"[('square', 'green')]"
test_dataset/img_708.png,"[('square', 'green'), ('triangle', 'red'), ('triangle', 'green')]"
test_dataset/img_709.png,"[('square', 'green'), ('square', 'blue')]"
test_dataset/img_710.png,"[('circle', 'green'), ('square', 'green'), ('triangle', 'green')]"
test_dataset/img_711.png,"[('square', 'green')]"
test_dataset/img_712.png,"[('square', 'green')]"
test_dataset/img_713.png,"[('square', 'green'), ('triangle', 'blue')]"
test_dataset/img_714.png,"[('circle', 'green'), ('square', 'green'), ('triangle', 'blue')]"
test_dataset/img_715.png,"[('circle', 'red'), ('circle', 'green'), ('square', 'green')]"
test_dataset/img_716.png,"[('square', 'green'), ('triangle', 'green')]"
test_dataset/img_717.png,"[('square', 'green'), ('triangle', 'red')]"
test_dataset/img_718.png,"[('square', 'green'), ('triangle', 'blue')]"
test_dataset/img_719.png,"[('circle', 'red'), ('circle', 'blue'), ('square', 'green'), ('triangle', 'blue')]"
test_dataset/img_720.png,"[('square', 'green')]"
test_dataset/img_721.png,"[('square', 'green'), ('triangle', 'red'), ('triangle', 'blue')]"
test_dataset/img_722.png,"[('circle', 'green'), ('square', 'green')]"
test_dataset/img_723.png,"[('square', 'green')]"
test_dataset/img_724.png,"[('square', 'green')]"
test_dataset/img_725.png,"[('square', 'green'), ('square', 'blue')]"
test_dataset/img_726.png,"[('square', 'red'), ('square', 'green')]"
test_dataset/img_727.png,"[('square', 'green')]"
test_dataset/img_728.png,"[('circle', 'red'), ('square', 'green'), ('triangle', 'green')]"
test_dataset/img_729.png,"[('square', 'green')]"
test_dataset/img_730.png,"[('circle', 'red'), ('square', 'green')]"
test_dataset/img_731.png,"[('circle', 'green'), ('square', 'green')]"
test_dataset/img_732.png,"[('circle', 'red'), ('circle', 'blue'), ('square', 'green'), ('triangle', 'red')]"
test_dataset/img_733.png,"[('square', 'red'), ('square', 'green')]"
test_dataset/img_734.png,"[('square', 'green')]"
test_dataset/img_735.png,"[('square', 'green')]"
test_dataset/img_736.png,"[('square', 'green'), ('triangle', 'red'), ('triangle', 'green')]"
test_dataset/img_737.png,"[('square', 'green')]"
test_dataset/img_738.png,"[('square', 'green'), ('triangle', 'blue')]"
test_dataset/img_739.png,"[('circle', 'blue'), ('square', 'green'), ('triangle', 'green'), ('triangle', 'blue')]"
test_dataset/img_740.png,"[('circle', 'red'), ('circle', 'green'), ('square', 'green')]"
test_dataset/img_741.png,"[('square', 'green'), ('square', 'blue')]"
test_dataset/img_742.png,"[('circle', 'blue'), ('square', 'green'), ('triangle', 'blue')]"
test_dataset/img_743.png,"[('square', 'green'), ('triangle', 'blue')]"
test_dataset/img_744.png,"[('square', 'green')]"
test_dataset/img_745.png,"[('circle', 'blue'), ('square', 'green'), ('square', 'blue'), ('triangle', 'green')]"
test_dataset/img_746.png,"[('circle', 'red'), ('square', 'green')]"
test_dataset/img_747.png,"[('square', 'green'), ('square', 'blue')]"
test_dataset/img_748.png,"[('square', 'green'), ('square', 'blue'), ('triangle', 'green'), ('triangle', 'blue')]"
test_dataset/img_749.png,"[('square', 'red'), ('square', 'green'), ('triangle', 'green')]"
test_dataset/img_750.png,"[('circle', 'red'), ('square', 'red'), ('square', 'green')]"
test_dataset/img_751.png,"[('square', 'green'), ('triangle', 'blue')]"
test_dataset/img_752.png,"[('square', 'green'), ('square', 'blue')]"
test_dataset/img_753.png,"[('circle', 'blue'), ('square', 'green'), ('square', 'blue')]"
test_dataset/img_754.png,"[('circle', 'blue'), ('square', 'green'), ('triangle', 'red')]"
test_dataset/img_755.png,"[('circle', 'green'), ('square', 'green')]"
test_dataset/img_756.png,"[('circle', 'blue'), ('square', 'red'), ('square', 'green')]"
test_dataset/img_757.png,"[('square', 'red'), ('square', 'green')]"
test_dataset/img_758.png,"[('circle', 'red'), ('square', 'green')]"
test_dataset/img_759.png,"[('circle', 'blue'), ('square', 'green')]"
test_dataset/img_760.png,"[('square', 'red'), ('square', 'green')]"
test_dataset/img_761.png,"[('square', 'green')]"
test_dataset/img_762.png,"[('circle', 'green'), ('square', 'green'), ('triangle', 'blue')]"
test_dataset/img_763.png,"[('square', 'green'), ('triangle', 'red')]"
test_dataset/img_764.png,"[('circle', 'green'), ('triangle', 'green')]"
test_dataset/img_765.png,"[('circle', 'blue'), ('square', 'green'), ('square', 'blue')]"
test_dataset/img_766.png,"[('square', 'red'), ('square', 'green')]"
test_dataset/img_767.png,"[('circle', 'blue'), ('square', 'red'), ('square', 'green')]"
test_dataset/img_768.png,"[('circle', 'blue'), ('square', 'green'), ('square', 'blue'), ('triangle', 'red')]"
test_dataset/img_769.png,"[('square', 'green'), ('triangle', 'red')]"
test_dataset/img_770.png,"[('square', 'red'), ('square', 'green')]"
test_dataset/img_771.png,"[('circle', 'green'), ('square', 'green')]"
test_dataset/img_772.png,"[('square', 'green'), ('triangle', 'blue')]"
test_dataset/img_773.png,"[('square', 'green'), ('square', 'blue')]"
test_dataset/img_774.png,"[('circle', 'blue'), ('square', 'green')]"
test_dataset/img_775.png,"[('square', 'green'), ('square', 'blue')]"
test_dataset/img_776.png,"[('circle', 'blue'), ('square', 'green'), ('triangle', 'blue')]"
test_dataset/img_777.png,"[('square', 'green')]"
test_dataset/img_778.png,"[('square', 'green'), ('triangle', 'green')]"
test_dataset/img_779.png,"[('square', 'red'), ('square', 'green')]"
test_dataset/img_780.png,"[('circle', 'red'), ('circle', 'green'), ('square', 'green')]"
test_dataset/img_781.png,"[('square', 'green')]"
test_dataset/img_782.png,"[('square', 'green'), ('square', 'blue')]"
test_dataset/img_783.png,"[('circle', 'blue'), ('square', 'green')]"
test_dataset/img_784.png,"[('circle', 'red'), ('square', 'green')]"
test_dataset/img_785.png,"[('square', 'green')]"
test_dataset/img_786.png,"[('circle', 'red'), ('square', 'green'), ('triangle', 'red')]"
test_dataset/img_787.png,"[('circle', 'blue'), ('square', 'green'), ('triangle', 'blue')]"
test_dataset/img_788.png,"[('circle', 'blue'), ('square', 'green')]"
test_dataset/img_789.png,"[('square', 'red'), ('square', 'green')]"
test_dataset/img_790.png,"[('square', 'green')]"
test_dataset/img_791.png,"[('square', 'green'), ('triangle', 'green')]"
test_dataset/img_792.png,"[('circle', 'blue'), ('square', 'green')]"
test_dataset/img_793.png,"[('circle', 'green'), ('square', 'green')]"
test_dataset/img_794.png,"[('square', 'green')]"
test_dataset/img_795.png,"[('square', 'green')]"
test_dataset/img_796.png,"[('square', 'green'), ('square', 'blue'), ('triangle', 'green')]"
test_dataset/img_797.png,"[('circle', 'green'), ('square', 'green')]"
test_dataset/img_798.png,"[('circle', 'green'), ('square', 'green'), ('triangle', 'green')]"
test_dataset/img_799.png,"[('square', 'green'), ('triangle', 'red')]"
test_dataset/img_800.png,"[('square', 'red'), ('square', 'green')]"
test_dataset/img_801.png,"[('circle', 'green'), ('square', 'red'), ('square', 'green')]"
test_dataset/img_802.png,"[('square', 'green'), ('triangle', 'blue')]"
test_dataset/img_803.png,"[('square', 'red'), ('square', 'green')]"
test_dataset/img_804.png,"[('square', 'red'), ('square', 'green'), ('square', 'blue')]"
test_dataset/img_805.png,"[('circle', 'red'), ('square', 'green')]"
test_dataset/img_806.png,"[('square', 'green')]"
test_dataset/img_807.png,"[('circle', 'blue'), ('square', 'green'), ('triangle', 'blue')]"
test_dataset/img_808.png,"[('square', 'green')]"
test_dataset/img_809.png,"[('square', 'green'), ('square', 'blue'), ('triangle', 'green')]"
test_dataset/img_810.png,"[('circle', 'green'), ('square', 'green')]"
test_dataset/img_811.png,"[('square', 'green')]"
test_dataset/img_812.png,"[('square', 'red'), ('square', 'green')]"
test_dataset/img_813.png,"[('circle', 'red'), ('square', 'green'), ('square', 'blue'), ('triangle', 'red')]"
test_dataset/img_814.png,"[('square', 'green')]"
test_dataset/img_815.png,"[('circle', 'red'), ('square', 'green')]"
test_dataset/img_816.png,"[('square', 'green'), ('triangle', 'blue')]"
test_dataset/img_817.png,"[('square', 'green'), ('triangle', 'red')]"
test_dataset/img_818.png,"[('square', 'green')]"
test_dataset/img_819.png,"[('square', 'green')]"
test_dataset/img_820.png,"[('circle', 'red'), ('square', 'green')]"
test_dataset/img_821.png,"[('circle', 'blue'), ('square', 'green')]"
test_dataset/img_822.png,"[('circle', 'blue'), ('square', 'green'), ('triangle', 'blue')]"
test_dataset/img_823.png,"[('square', 'red'), ('square', 'green')]"
test_dataset/img_824.png,"[('square', 'green')]"
test_dataset/img_825.png,"[('square', 'green')]"
test_dataset/img_826.png,"[('circle', 'blue'), ('square', 'green')]"
test_dataset/img_827.png,"[('square', 'green')]"
test_dataset/img_828.png,"[('square', 'green'), ('triangle', 'green')]"
test_dataset/img_829.png,"[('square', 'green')]"
test_dataset/img_830.png,"[('square', 'green')]"
test_dataset/img_831.png,"[('circle', 'red'), ('square', 'green')]"
test_dataset/img_832.png,"[('square', 'green'), ('triangle', 'blue')]"
test_dataset/img_833.png,"[('circle', 'blue'), ('square', 'red'), ('square', 'green'), ('square', 'blue')]"
test_dataset/img_834.png,"[('square', 'green')]"
test_dataset/img_835.png,"[('square', 'red'), ('square', 'green')]"
test_dataset/img_836.png,"[('square', 'green'), ('square', 'blue'), ('triangle', 'green')]"
test_dataset/img_837.png,"[('circle', 'blue'), ('square', 'green')]"
test_dataset/img_838.png,"[('circle', 'red'), ('circle', 'green'), ('square', 'green')]"
test_dataset/img_839.png,"[('square', 'green'), ('square', 'blue')]"
test_dataset/img_840.png,"[('square', 'green')]"
test_dataset/img_841.png,"[('circle', 'red'), ('square', 'green')]"
test_dataset/img_842.png,"[('circle', 'green')]"
test_dataset/img_843.png,"[('circle', 'red'), ('square', 'green'), ('triangle', 'blue')]"
test_dataset/img_844.png,"[('square', 'green')]"
test_dataset/img_845.png,"[('square', 'green'), ('triangle', 'blue')]"
test_dataset/img_846.png,"[('circle', 'green')]"
test_dataset/img_847.png,"[('square', 'green'), ('square', 'blue')]"
test_dataset/img_848.png,"[('square', 'red'), ('square', 'green'), ('square', 'blue')]"
test_dataset/img_849.png,"[('circle', 'blue'), ('square', 'green'), ('triangle', 'green'), ('triangle', 'blue')]"
test_dataset/img_850.png,"[('circle', 'green'), ('circle', 'blue'), ('square', 'green')]"
test_dataset/img_851.png,"[('square', 'red'), ('square', 'green')]"
test_dataset/img_852.png,"[('circle', 'red'), ('square', 'green')]"
test_dataset/img_853.png,"[('circle', 'red'), ('circle', 'green'), ('square', 'green'), ('triangle', 'blue')]"
test_dataset/img_854.png,"[('square', 'green'), ('triangle', 'green')]"
test_dataset/img_855.png,"[('square', 'red'), ('square', 'green')]"
test_dataset/img_856.png,"[('square', 'green'), ('triangle', 'blue')]"
test_dataset/img_857.png,"[('circle', 'red'), ('square', 'green')]"
test_dataset/img_858.png,"[('square', 'green')]"
test_dataset/img_859.png,"[('square', 'green'), ('square', 'blue')]"
test_dataset/img_860.png,"[('square', 'green')]"
test_dataset/img_861.png,"[('square', 'green')]"
test_dataset/img_862.png,"[('square', 'green')]"
test_dataset/img_863.png,"[('circle', 'red'), ('square', 'green')]"
test_dataset/img_864.png,"[('square', 'green')]"
test_dataset/img_865.png,"[('square', 'red'), ('square', 'green'), ('triangle', 'green')]"
test_dataset/img_866.png,"[('circle', 'blue'), ('square', 'red'), ('square', 'green'), ('triangle', 'blue')]"
test_dataset/img_867.png,"[('circle', 'red'), ('square', 'green')]"
test_dataset/img_868.png,"[('square', 'green')]"
test_dataset/img_869.png,"[('circle', 'blue'), ('square', 'red'), ('square', 'green')]"
test_dataset/img_870.png,"[('circle', 'red'), ('circle', 'blue'), ('square', 'green'), ('triangle', 'red')]"
test_dataset/img_871.png,"[('square', 'green'), ('square', 'blue')]"
test_dataset/img_872.png,"[('square', 'green')]"
test_dataset/img_873.png,"[('circle', 'blue'), ('square', 'green'), ('square', 'blue'), ('triangle', 'blue')]"
test_dataset/img_874.png,"[('circle', 'green'), ('square', 'green')]"
test_dataset/img_875.png,"[('square', 'green')]"
test_dataset/img_876.png,"[('circle', 'green'), ('square', 'green'), ('triangle', 'red')]"
test_dataset/img_877.png,"[('square', 'green'), ('triangle', 'blue')]"
test_dataset/img_878.png,"[('square', 'red'), ('square', 'green'), ('triangle', 'red')]"
test_dataset/img_879.png,"[('circle', 'blue'), ('square', 'green')]"
test_dataset/img_880.png,"[('circle', 'blue'), ('square', 'green')]"
test_dataset/img_881.png,"[('circle', 'red'), ('square', 'green')]"
test_dataset/img_882.png,"[('circle', 'green')]"
test_dataset/img_883.png,"[('square', 'green'), ('square', 'blue'), ('triangle', 'green')]"
test_dataset/img_884.png,"[('circle', 'green'), ('square', 'green')]"
test_dataset/img_885.png,"[('circle', 'green'), ('square', 'green'), ('triangle', 'green')]"
test_dataset/img_886.png,"[('circle', 'blue'), ('square', 'green')]"
test_dataset/img_887.png,"[('circle', 'blue'), ('square', 'green')]"
test_dataset/img_888.png,"[('circle', 'green'), ('circle', 'blue'), ('square', 'green')]"
test_dataset/img_889.png,"[('square', 'green')]"
test_dataset/img_890.png,"[('square', 'green'), ('triangle', 'red')]"
test_dataset/img_891.png,"[('square', 'green'), ('square', 'blue')]"
test_dataset/img_892.png,"[('square', 'green'), ('triangle', 'green')]"
test_dataset/img_893.png,"[('square', 'green')]"
test_dataset/img_894.png,"[('square', 'green'), ('triangle', 'red')]"
test_dataset/img_895.png,"[('square', 'green'), ('square', 'blue')]"
test_dataset/img_896.png,"[('circle', 'green'), ('circle', 'blue'), ('square', 'red'), ('square', 'green'), ('triangle', 'blue')]"
test_dataset/img_897.png,"[('square', 'green'), ('triangle', 'blue')]"
test_dataset/img_898.png,"[('square', 'red'), ('square', 'green'), ('square', 'blue'), ('triangle', 'green')]"
test_dataset/img_899.png,"[('square', 'green'), ('triangle', 'red')]"
test_dataset/img_900.png,"[('square', 'red'), ('square', 'green'), ('triangle', 'red')]"
test_dataset/img_901.png,"[('circle', 'red'), ('square', 'red'), ('square', 'green')]"
test_dataset/img_902.png,"[('circle', 'red'), ('circle', 'blue'), ('square', 'green'), ('triangle', 'blue')]"
test_dataset/img_903.png,"[('circle', 'blue'), ('square', 'green')]"
test_dataset/img_904.png,"[('circle', 'blue'), ('square', 'green')]"
test_dataset/img_905.png,"[('square', 'red'), ('square', 'green')]"
test_dataset/img_906.png,"[('circle', 'green')]"
test_dataset/img_907.png,"[('square', 'green')]"
test_dataset/img_908.png,"[('circle', 'blue'), ('square', 'green'), ('triangle', 'green')]"
test_dataset/img_909.png,"[('square', 'red'), ('square', 'green'), ('triangle', 'green')]"
test_dataset/img_910.png,"[('circle', 'blue'), ('square', 'green')]"
test_dataset/img_911.png,"[('circle', 'blue'), ('square', 'green')]"
test_dataset/img_912.png,"[('circle', 'green'), ('square', 'green')]"
test_dataset/img_913.png,"[('square', 'green'), ('triangle', 'red')]"
test_dataset/img_914.png,"[('square', 'green'), ('triangle', 'red')]"
test_dataset/img_915.png,"[('square', 'red'), ('square', 'green')]"
test_dataset/img_916.png,"[('square', 'green')]"
test_dataset/img_917.png,"[('circle', 'green'), ('square', 'red'), ('square', 'green'), ('triangle', 'green')]"
test_dataset/img_918.png,"[('square', 'green'), ('square', 'blue')]"
test_dataset/img_919.png,"[('square', 'green')]"
test_dataset/img_920.png,"[('square', 'green'), ('triangle', 'blue')]"
test_dataset/img_921.png,"[('circle', 'green'), ('square', 'green')]"
test_dataset/img_922.png,"[('circle', 'red'), ('circle', 'blue'), ('square', 'green')]"
test_dataset/img_923.png,"[('circle', 'green'), ('square', 'green'), ('triangle', 'green'), ('triangle', 'blue')]"
test_dataset/img_924.png,"[('circle', 'red'), ('square', 'green')]"
test_dataset/img_925.png,"[('square', 'green'), ('triangle', 'red'), ('triangle', 'blue')]"
test_dataset/img_926.png,"[('square', 'green'), ('triangle', 'green')]"
test_dataset/img_927.png,"[('circle', 'blue'), ('square', 'green'), ('triangle', 'green')]"
test_dataset/img_928.png,"[('circle', 'red'), ('square', 'green'), ('square', 'blue')]"
test_dataset/img_929.png,"[('square', 'red'), ('square', 'green'), ('triangle', 'blue')]"
test_dataset/img_930.png,"[('circle', 'blue'), ('square', 'green'), ('triangle', 'red'), ('triangle', 'green'), ('triangle', 'blue')]"
test_dataset/img_931.png,"[('circle', 'blue'), ('square', 'green')]"
test_dataset/img_932.png,"[('square', 'red'), ('square', 'green')]"
test_dataset/img_933.png,"[('circle', 'blue'), ('square', 'green'), ('triangle', 'blue')]"
test_dataset/img_934.png,"[('circle', 'blue'), ('square', 'green')]"
test_dataset/img_935.png,"[('square', 'red'), ('square', 'green')]"
test_dataset/img_936.png,"[('circle', 'green'), ('square', 'red'), ('square', 'green'), ('triangle', 'red')]"
test_dataset/img_937.png,"[('circle', 'red'), ('square', 'green')]"
test_dataset/img_938.png,"[('square', 'green'), ('square', 'blue')]"
test_dataset/img_939.png,"[('square', 'red'), ('square', 'green')]"
test_dataset/img_940.png,"[('square', 'green')]"
test_dataset/img_941.png,"[('square', 'red'), ('square', 'green'), ('triangle', 'blue')]"
test_dataset/img_942.png,"[('square', 'red'), ('square', 'green')]"
test_dataset/img_943.png,"[('square', 'red'), ('square', 'green')]"
test_dataset/img_944.png,"[('square', 'green'), ('triangle', 'blue')]"
test_dataset/img_945.png,"[('square', 'green')]"
test_dataset/img_946.png,"[('square', 'green'), ('triangle', 'blue')]"
test_dataset/img_947.png,"[('circle', 'red'), ('square', 'green'), ('square', 'blue')]"
test_dataset/img_948.png,"[('square', 'green')]"
test_dataset/img_949.png,"[('circle', 'blue'), ('square', 'green'), ('triangle', 'red'), ('triangle', 'green'), ('triangle', 'blue')]"
test_dataset/img_950.png,"[('circle', 'green'), ('square', 'green')]"
test_dataset/img_951.png,"[('square', 'green')]"
test_dataset/img_952.png,"[('square', 'red'), ('square', 'green')]"
test_dataset/img_953.png,"[('square', 'green')]"
test_dataset/img_954.png,"[('circle', 'blue'), ('square', 'green'), ('triangle', 'green'), ('triangle', 'blue')]"
test_dataset/img_955.png,"[('square', 'green'), ('square', 'blue')]"
test_dataset/img_956.png,"[('circle', 'red'), ('square', 'red'), ('square', 'green')]"
test_dataset/img_957.png,"[('square', 'green'), ('triangle', 'green')]"
test_dataset/img_958.png,"[('square', 'red'), ('square', 'green'), ('square', 'blue'), ('triangle', 'green')]"
test_dataset/img_959.png,"[('square', 'green')]"
test_dataset/img_960.png,"[('square', 'green'), ('square', 'blue')]"
test_dataset/img_961.png,"[('square', 'green')]"
test_dataset/img_962.png,"[('circle', 'red'), ('circle', 'green'), ('square', 'green'), ('triangle', 'blue')]"
test_dataset/img_963.png,"[('circle', 'blue'), ('square', 'red'), ('square', 'green'), ('triangle', 'green')]"
test_dataset/img_964.png,"[('square', 'green')]"
test_dataset/img_965.png,"[('circle', 'green'), ('square', 'green'), ('triangle', 'green')]"
test_dataset/img_966.png,"[('circle', 'green'), ('square', 'green'), ('square', 'blue'), ('triangle', 'blue')]"
test_dataset/img_967.png,"[('square', 'green'), ('triangle', 'red')]"
test_dataset/img_968.png,"[('square', 'green')]"
test_dataset/img_969.png,"[('square', 'green'), ('triangle', 'red')]"
test_dataset/img_970.png,"[('square', 'green'), ('triangle', 'green')]"
test_dataset/img_971.png,"[('circle', 'blue'), ('square', 'green')]"
test_dataset/img_972.png,"[('square', 'green'), ('triangle', 'blue')]"
test_dataset/img_973.png,"[('square', 'green')]"
test_dataset/img_974.png,"[('square', 'green')]"
test_dataset/img_975.png,"[('square', 'green'), ('triangle', 'green')]"
test_dataset/img_976.png,"[('circle', 'blue'), ('square', 'red'), ('square', 'green'), ('square', 'blue')]"
test_dataset/img_977.png,"[('circle', 'green'), ('square', 'green'), ('triangle', 'green')]"
test_dataset/img_978.png,"[('square', 'green'), ('triangle', 'blue')]"
test_dataset/img_979.png,"[('circle', 'green'), ('square', 'green'), ('square', 'blue')]"
test_dataset/img_980.png,"[('square', 'green'), ('triangle', 'green')]"
test_dataset/img_981.png,"[('circle', 'green'), ('square', 'green')]"
test_dataset/img_982.png,"[('circle', 'red'), ('square', 'green')]"
test_dataset/img_983.png,"[('square', 'green')]"
test_dataset/img_984.png,"[('square', 'green')]"
test_dataset/img_985.png,"[('square', 'green'), ('triangle', 'blue')]"
test_dataset/img_986.png,"[('circle', 'red'), ('square', 'green')]"
test_dataset/img_987.png,"[('circle', 'green'), ('square', 'green')]"
test_dataset/img_988.png,"[('square', 'green'), ('square', 'blue')]"
test_dataset/img_989.png,"[('square', 'green'), ('square', 'blue'), ('triangle', 'red')]"
test_dataset/img_990.png,"[('circle', 'blue'), ('square', 'green'), ('triangle', 'blue')]"
test_dataset/img_991.png,"[('square', 'green')]"
test_dataset/img_992.png,"[('square', 'green')]"
test_dataset/img_993.png,"[('square', 'green'), ('square', 'blue')]"
test_dataset/img_994.png,"[('circle', 'green'), ('square', 'green'), ('triangle', 'green')]"
test_dataset/img_995.png,"[('circle', 'green'), ('square', 'green')]"
test_dataset/img_996.png,"[('square', 'green')]"
test_dataset/img_997.png,"[('circle', 'red'), ('square', 'green')]"
test_dataset/img_998.png,"[('square', 'green'), ('triangle', 'blue')]"
test_dataset/img_999.png,"[('square', 'green'), ('triangle', 'red')]"
